<?xml version="1.0"?>
<metadata xml:lang="en">
	<Esri>
		<CreaDate>20120719</CreaDate>
		<CreaTime>16565600</CreaTime>
		<SyncOnce>FALSE</SyncOnce>
		<SyncDate>20120719</SyncDate>
		<SyncTime>17004100</SyncTime>
		<ModDate>20120719</ModDate>
		<ModTime>17004100</ModTime>
		<PublishStatus>Published</PublishStatus><DataProperties><lineage><Process ToolSource="C:\Program Files\ArcGIS\ArcToolbox\Toolboxes\Analysis Tools.tbx\Select" Date="20101005" Time="150506">Select C:\Temp\DCP_Convert\DCP_SR.gdb\temp C:\temp\10C\Districts\shp\nyct2000__Iteration.shp "ObjectID&gt;=0 AND ObjectID&lt;3000"</Process><Process ToolSource="C:\Program Files\ArcGIS\ArcToolbox\Toolboxes\Analysis Tools.tbx\Select" Date="20101005" Time="150508">Select C:\temp\10C\Districts\shp\nyct2000__Iteration.shp C:\temp\10C\Districts\shp\nyct2000.shp #</Process><Process ToolSource="M:\GIS\ArcGIS_Team_Files\ApplicationCode\Python\Z-Tools-Data Toolbox\Z-Tools-Data.tbx\DCP_Convert" Date="20101005" Time="150727">DCP_Convert "C:\Temp\10C\Districts\mif\NY_ct.mif\NY_ct Polygon" # # M:\GIS\ArcGIS_Team_Files\Metadata\Districts\nyct2000.shp.xml 10C "September, 2010" "October, 2010" # C:\temp\10C\Districts\shp\nyct2000.shp C:\temp\10C\Districts\dcp\Districts.gdb\nyct2000 # M:\GIS\ArcGIS_Team_Files\ArcSDE@DCP@SDE.sde\DISTRICTS\sde.DCP.v10C_nyct2000 true true</Process><Process ToolSource="C:\Program Files\ArcGIS\ArcToolbox\Toolboxes\Analysis Tools.tbx\Select" Date="20120719" Time="170040">Select C:\TEMP\12B\GIS_OUTPUT\Districts\fgdb\Districts.gdb\nyct2010 C:\temp\12B\GIS_OUTPUT\Districts\shp\nyct2010__Iteration.shp "ObjectID&gt;=0 AND ObjectID&lt;3000"</Process><Process ToolSource="C:\Program Files\ArcGIS\ArcToolbox\Toolboxes\Analysis Tools.tbx\Select" Date="20120719" Time="170041">Select C:\temp\12B\GIS_OUTPUT\Districts\shp\nyct2010__Iteration.shp C:\temp\12B\GIS_OUTPUT\Districts\shp\nyct2010.shp #</Process></lineage></DataProperties><MetaID>{AA216E8A-4F80-4F0D-A05B-E7789CD86244}</MetaID></Esri>
	<idinfo>
		<native Sync="TRUE">Microsoft Windows XP Version 5.1 (Build 2600) Service Pack 3; ESRI ArcCatalog 9.3.1.4000</native>
		<descript>
			<langdata Sync="TRUE">en</langdata>
			<abstract>The Census Tracts for the 2010 US Census.  These boundary files are derived from the US Census Bureau's TIGER project and have been geographically modified to fit the New York City base map.  Because some census tract are under water not all census tracts are contained in this file, only census tracts that are partially or totally located on land have been mapped in this file.</abstract>
			<purpose>These districts were created by the Department of City Planning to aid city agencies in administering public services.</purpose>
			<supplinf>The official boundaries of Census Tracts include areas under water.  Users requiring these boundaries should use nyct2010wi instead.  Census Tract 1622 in Queens is entirely under water and therefore not represented in this dataset.</supplinf></descript>
		<citation>
			<citeinfo>
				<origin>New York City Department of City Planning</origin>
				<title>New York City Census Tracts for 2010 US Census </title>
				<geoform Sync="TRUE">vector digital data</geoform>
				<serinfo>
					<sername>BYTES of the BIG APPLE</sername>
					<issue>12B</issue>
				</serinfo>
				<pubinfo>
					<publish>City of New York Department of City Planning</publish>
				</pubinfo>
				<onlink>http://www.nyc.gov/html/dcp/html/bytes/applbyte.shtml </onlink>
				<ftname Sync="TRUE">nyct2010</ftname>
				<edition>12B</edition><pubdate>August, 2012</pubdate></citeinfo>
		</citation>
		<timeperd>
			<current>ground condition</current>
			<timeinfo>
				<sngdate>
					<caldate>July, 2012</caldate></sngdate>
			</timeinfo>
		</timeperd>
		<status>
			<progress>Complete</progress>
			<update>Quarterly</update>
		</status>
		<spdom>
			<bounding>
				<westbc Sync="TRUE">-74.257159</westbc>
				<eastbc Sync="TRUE">-73.699215</eastbc>
				<northbc Sync="TRUE">40.915568</northbc>
				<southbc Sync="TRUE">40.495992</southbc>
			</bounding>
			<lboundng>
				<leftbc Sync="TRUE">913174.999183</leftbc>
				<rightbc Sync="TRUE">1067382.508423</rightbc>
				<bottombc Sync="TRUE">120121.779338</bottombc>
				<topbc Sync="TRUE">272844.293640</topbc>
			</lboundng>
		</spdom>
		<keywords>
			<place>
				<placekey>New York</placekey>
				<placekey>New York City</placekey>
				<placekey>Manhattan</placekey>
				<placekey>Staten Island</placekey>
				<placekey>Brooklyn</placekey>
				<placekey>Bronx</placekey>
				<placekey>Queens</placekey>
				<placekt>NONE</placekt>
				<placekey>Kings</placekey><placekey>Richmond</placekey></place>
			<theme>
				<themekey>boundary</themekey>
				<themekey>borough</themekey>
				<themekey>boundaries</themekey>
				<themekt>NONE</themekt>
			</theme>
		</keywords>
		<accconst>The data is freely available to all New York City agencies and the public.</accconst>
		<useconst>While all possible measures have been taken to ensure the accuracy of this data, the NYC Department of City Planning and the City of New York assume no responsibility for the accuracy of this data.  All users should independently verify the accuracy of the data for their purposes.</useconst>
		<natvform>File Geodatabase Feature Class / ESRI Shape File</natvform>
		<ptcontac>
			<cntinfo>
				<cntvoice>212.720.3505</cntvoice>
				<cntaddr>
					<addrtype>mailing and physical address</addrtype>
					<address>22 Reade St, 5E</address>
					<city>New York</city>
					<state>NY</state>
					<postal>10007</postal>
					<country>USA</country>
				</cntaddr>
				<cntpos>BYTES of the BIG APPLE Coordinator</cntpos>
				<cntorgp><cntorg>New York City Department of City Planning</cntorg></cntorgp></cntinfo>
		</ptcontac>
		<secinfo><secclass>Unclassified</secclass></secinfo></idinfo>
	<metainfo>
		<langmeta Sync="TRUE">en</langmeta>
		<metstdn Sync="TRUE">FGDC Content Standards for Digital Geospatial Metadata</metstdn>
		<metstdv Sync="TRUE">FGDC-STD-001-1998</metstdv>
		<mettc Sync="TRUE">local time</mettc>
		<metc>
			<cntinfo>
				<cntaddr>
					<addrtype>mailing and physical address</addrtype>
					<city>New York</city>
					<state>New York</state>
					<postal>10007</postal>
					<address>22 Reade St, 5E</address>
					<country>USA</country>
				</cntaddr>
				<cntvoice>212.720.3505</cntvoice>
				<cntperp>
					<cntorg>New York City Department of City Planning</cntorg>
				</cntperp>
				<cntpos>BYTES of the BIG APPLE Coordinator</cntpos>
			</cntinfo>
		</metc>
		<metd Sync="TRUE">20120719</metd>
		<metextns><onlink Sync="TRUE">http://www.esri.com/metadata/esriprof80.html</onlink><metprof Sync="TRUE">ESRI Metadata Profile</metprof></metextns></metainfo>
	<spdoinfo>
		<direct Sync="TRUE">Vector</direct>
		<ptvctinf>
			<esriterm Name="nyct2010">
				<efeatyp Sync="TRUE">Simple</efeatyp>
				<efeageom Sync="TRUE">Polygon</efeageom>
				<esritopo Sync="TRUE">FALSE</esritopo>
				<efeacnt Sync="TRUE">0</efeacnt>
				<spindex Sync="TRUE">FALSE</spindex>
				<linrefer Sync="TRUE">FALSE</linrefer>
			</esriterm>
			<sdtsterm Name="nyct2010">
				<sdtstype Sync="TRUE">G-polygon</sdtstype>
				<ptvctcnt Sync="TRUE">0</ptvctcnt>
			</sdtsterm>
		</ptvctinf>
	</spdoinfo>
	<eainfo>
		<detailed Name="nyct2010">
			<enttyp>
				<enttypl Sync="TRUE">nyct2010</enttypl>
				<enttypt Sync="TRUE">Feature Class</enttypt>
				<enttypc Sync="TRUE">0</enttypc>
			</enttyp>
			<attr><attrlabl Sync="TRUE">FID</attrlabl><attalias Sync="TRUE">FID</attalias><attrtype Sync="TRUE">OID</attrtype><attwidth Sync="TRUE">4</attwidth><atprecis Sync="TRUE">0</atprecis><attscale Sync="TRUE">0</attscale><attrdef Sync="TRUE">Internal feature number.</attrdef><attrdefs Sync="TRUE">ESRI</attrdefs><attrdomv><udom Sync="TRUE">Sequential unique whole numbers that are automatically generated.</udom></attrdomv></attr><attr><attrlabl>CTLabel</attrlabl>
				<attalias Sync="TRUE">CTLabel</attalias>
				<attrtype Sync="TRUE">String</attrtype>
				<attwidth Sync="TRUE">7</attwidth>
				<attrdef>The census tract identifier for the polygon. Each census tract number is unique to its borough.</attrdef>
			</attr>
			<attr><attrlabl>BoroCode</attrlabl>
				<attalias Sync="TRUE">BoroCode</attalias>
				<attrtype Sync="TRUE">String</attrtype>
				<attwidth Sync="TRUE">1</attwidth>
				<attrdef>Borough of census tract.</attrdef>
				<attrdomv>
					<edom><edomv>1</edomv><edomvd>Manhattan</edomvd></edom>
					<edom><edomv>2</edomv><edomvd>Bronx</edomvd></edom>
					<edom><edomv>3</edomv><edomvd>Brooklyn</edomvd></edom>
					<edom><edomv>4</edomv><edomvd>Queens</edomvd></edom>
					<edom><edomv>5</edomv><edomvd>Staten Island</edomvd></edom>
				</attrdomv></attr>
			<attr><attrlabl>BoroName</attrlabl>
				<attalias Sync="TRUE">BoroName</attalias>
				<attrtype Sync="TRUE">String</attrtype>
				<attwidth Sync="TRUE">32</attwidth>
				<attrdef>Borough Name.</attrdef>
			</attr>
			<attr><attrlabl>CDEligibil</attrlabl>
				<attalias Sync="TRUE">CDEligibil</attalias>
				<attrtype Sync="TRUE">String</attrtype>
				<attwidth Sync="TRUE">1</attwidth>
				<attrdef>Community Development Block Grant Eligibility.</attrdef>
			</attr>
			<attr><attrlabl Sync="TRUE">CT2010</attrlabl><attalias Sync="TRUE">CT2010</attalias><attrtype Sync="TRUE">String</attrtype><attwidth Sync="TRUE">6</attwidth></attr><attr><attrlabl Sync="TRUE">BoroCT2010</attrlabl><attalias Sync="TRUE">BoroCT2010</attalias><attrtype Sync="TRUE">String</attrtype><attwidth Sync="TRUE">7</attwidth></attr><attr><attrlabl>PUMA</attrlabl>
				<attalias Sync="TRUE">PUMA</attalias>
				<attrtype Sync="TRUE">String</attrtype>
				<attwidth Sync="TRUE">4</attwidth>
				<attrdef>Public Use Microdata Areas</attrdef>
			</attr>
			<attr><attrlabl Sync="TRUE">Shape</attrlabl>
				<attalias Sync="TRUE">Shape</attalias>
				<attrtype Sync="TRUE">Geometry</attrtype>
				<attwidth Sync="TRUE">0</attwidth>
				<atprecis Sync="TRUE">0</atprecis>
				<attscale Sync="TRUE">0</attscale>
				<attrdef Sync="TRUE">Feature geometry.</attrdef>
				<attrdefs Sync="TRUE">ESRI</attrdefs>
				<attrdomv><udom Sync="TRUE">Coordinates defining the features.</udom></attrdomv>
			</attr>
			<attr><attrlabl Sync="TRUE">SHAPE_Area</attrlabl><attalias Sync="TRUE">Shape_Area</attalias><attrtype Sync="TRUE">Double</attrtype><attwidth Sync="TRUE">19</attwidth><attrdef Sync="TRUE">Area of feature in internal units squared.</attrdef><attrdefs Sync="TRUE">ESRI</attrdefs><attrdomv><udom Sync="TRUE">Positive real numbers that are automatically generated.</udom></attrdomv><atprecis Sync="TRUE">0</atprecis><attscale Sync="TRUE">0</attscale></attr><attr><attrlabl Sync="TRUE">NTACode</attrlabl><attalias Sync="TRUE">NTACode</attalias><attrtype Sync="TRUE">String</attrtype><attwidth Sync="TRUE">4</attwidth><attrdef>Neighborhood Tabulation Area Code</attrdef></attr><attr><attrlabl Sync="TRUE">Shape_Leng</attrlabl><attalias Sync="TRUE">Shape_Leng</attalias><attrtype Sync="TRUE">Float</attrtype><attwidth Sync="TRUE">19</attwidth><atnumdec Sync="TRUE">11</atnumdec></attr><attr><attrlabl Sync="TRUE">NTAName</attrlabl><attalias Sync="TRUE">NTAName</attalias><attrtype Sync="TRUE">String</attrtype><attwidth Sync="TRUE">75</attwidth><attrdef>Neighborhood Tabulation Area Name</attrdef></attr></detailed>
	</eainfo>
	<distinfo>
		<stdorder>
			<digform>
				<digtinfo>
					<transize Sync="FALSE">0.440</transize>
					<dssize Sync="FALSE">0.440</dssize>
				</digtinfo>
			</digform>
			<fees>Free</fees>
		</stdorder>
		<distrib>
			<cntinfo>
				<cntorgp>
					<cntorg>New York City Department of City Planning</cntorg>
				</cntorgp>
				<cntinst>Available at the following website:
http://www.nyc.gov/html/dcp/html/bytes/applbyte.shtml</cntinst>
				<cntaddr>
					<addrtype>mailing and physical address</addrtype>
					<address>22 Reade St, 5E</address>
					<city>New York</city>
					<state>New York</state>
					<postal>10007</postal>
					<country>USA</country>
				</cntaddr>
			</cntinfo>
		</distrib>
		<resdesc Sync="FALSE">Downloadable Data</resdesc>
	</distinfo>
	<spref>
		<horizsys>
			<cordsysn>
				<geogcsn Sync="TRUE">GCS_North_American_1983</geogcsn>
				<projcsn Sync="TRUE">NAD_1983_StatePlane_New_York_Long_Island_FIPS_3104_Feet</projcsn>
			</cordsysn>
			<planar>
				<planci>
					<plance Sync="TRUE">coordinate pair</plance>
					<plandu Sync="TRUE">survey feet</plandu>
					<coordrep>
						<absres Sync="TRUE">0.000000</absres>
						<ordres Sync="TRUE">0.000000</ordres>
					</coordrep>
				</planci>
				<mapproj><mapprojn Sync="TRUE">Lambert Conformal Conic</mapprojn><lambertc><stdparll Sync="TRUE">40.666667</stdparll><stdparll Sync="TRUE">41.033333</stdparll><longcm Sync="TRUE">-74.000000</longcm><latprjo Sync="TRUE">40.166667</latprjo><feast Sync="TRUE">984250.000000</feast><fnorth Sync="TRUE">0.000000</fnorth></lambertc></mapproj></planar>
			<geodetic>
				<horizdn Sync="TRUE">North American Datum of 1983</horizdn>
				<ellips Sync="TRUE">Geodetic Reference System 80</ellips>
				<semiaxis Sync="TRUE">6378137.000000</semiaxis>
				<denflat Sync="TRUE">298.257222</denflat>
			</geodetic>
		</horizsys>
		<vertdef><altsys><altenc Sync="TRUE">Explicit elevation coordinate included with horizontal coordinates</altenc><altres Sync="TRUE">1.000000</altres></altsys></vertdef></spref>
	<dataqual>
		<complete>These data are accurate as of the US Census 2010.</complete>
		<posacc>
			<horizpa>
				<horizpar>The District files are created from the same release version of the Department of City Planning LION file.  The LION file is spatially aligned with NYCMap aerial photography.</horizpar>
			</horizpa>
		</posacc>
		<lineage>
			<procstep><procdesc Sync="TRUE">Metadata imported.</procdesc><srcused Sync="TRUE">C:\Documents and Settings\m_mcinne\Desktop\district 10c metadata\nyct2000.xml</srcused><procdate Sync="TRUE">20111221</procdate><proctime Sync="TRUE">16505700</proctime></procstep><procstep><procdesc Sync="TRUE">Metadata imported.</procdesc><srcused Sync="TRUE">M:\GIS\ArcGIS_Team_Files\Metadata\Districts\nyct2010.shp.xml</srcused><procdate Sync="TRUE">20120719</procdate><proctime Sync="TRUE">16565600</proctime></procstep></lineage></dataqual>
	<mdDateSt Sync="TRUE">20120719</mdDateSt>
	<dataIdInfo>
		<envirDesc Sync="TRUE">Microsoft Windows XP Version 5.1 (Build 2600) Service Pack 3; ESRI ArcCatalog 9.3.1.4000</envirDesc>
		<dataLang>
			<languageCode Sync="TRUE" value="en"></languageCode>
		</dataLang>
		<idCitation>
			<resTitle Sync="TRUE">nyct2010</resTitle>
			<presForm>
				<PresFormCd Sync="FALSE" value="005"></PresFormCd>
			</presForm>
			<resEd></resEd>
			<resEdDate></resEdDate>
			<resRefDate>
				<refDate></refDate>
				<refDateType><DateTypCd value="001"></DateTypCd></refDateType>
			</resRefDate>
			<citRespParty>
				<rpOrgName></rpOrgName>
				<rpPosName></rpPosName>
				<role><RoleCd value="003"></RoleCd></role>
				<rpCntInfo>
					<cntAddress>
						<delPoint></delPoint>
						<city></city>
						<adminArea></adminArea>
						<postCode></postCode>
					</cntAddress>
					<cntPhone><voiceNum></voiceNum></cntPhone>
				</rpCntInfo>
			</citRespParty>
			<resRefDate>
				<refDate></refDate>
				<refDateType><DateTypCd value="002"></DateTypCd></refDateType>
			</resRefDate>
		</idCitation>
		<spatRpType>
			<SpatRepTypCd Sync="FALSE" value="001"></SpatRepTypCd>
		</spatRpType>
		<dataExt>
			<geoEle>
				<GeoBndBox esriExtentType="native">
					<westBL Sync="TRUE">913174.999183</westBL>
					<eastBL Sync="TRUE">1067382.508423</eastBL>
					<northBL Sync="TRUE">272844.29364</northBL>
					<southBL Sync="TRUE">120121.779338</southBL>
					<exTypeCode Sync="TRUE">1</exTypeCode>
				</GeoBndBox>
			</geoEle>
		</dataExt>
		<geoBox esriExtentType="decdegrees">
			<westBL Sync="TRUE">-74.257159</westBL>
			<eastBL Sync="TRUE">-73.699215</eastBL>
			<northBL Sync="TRUE">40.915568</northBL>
			<southBL Sync="TRUE">40.495992</southBL>
			<exTypeCode Sync="TRUE">1</exTypeCode>
		</geoBox>
		<tpCat>
			<TopicCatCd value="003"></TopicCatCd>
		</tpCat>
		<descKeys KeyTypCd="002">
			<keyTyp><KeyTypCd value="002"></KeyTypCd></keyTyp>
			<keyword>New York City</keyword>
			<keyword>New York</keyword>
			<keyword>Bronx</keyword>
			<keyword>Brooklyn</keyword>
			<keyword>Manhattan</keyword>
			<keyword>Queens</keyword>
			<keyword>Staten Island</keyword>
			<keyword>Richmond</keyword>
			<keyword>Kings</keyword>
		</descKeys>
	</dataIdInfo>
	<mdLang>
		<languageCode Sync="FALSE" value="en"></languageCode>
	</mdLang>
	<mdStanName Sync="TRUE">ISO 19115 Geographic Information - Metadata</mdStanName>
	<mdStanVer Sync="TRUE">DIS_ESRI1.0</mdStanVer>
	<mdChar>
		<CharSetCd Sync="FALSE" value="004"></CharSetCd>
	</mdChar>
	<mdHrLv>
		<ScopeCd Sync="FALSE" value="005"></ScopeCd>
	</mdHrLv>
	<mdHrLvName Sync="TRUE">dataset</mdHrLvName>
	<distInfo>
		<distributor>
			<distorTran>
				<transSize Sync="FALSE"></transSize>
				<onLineSrc><orDesc Sync="TRUE">002</orDesc><linkage Sync="TRUE">file://\\DCP-DELL-1228\C$\temp\12B\GIS_OUTPUT\Districts\shp\nyct2010.shp</linkage><protocol Sync="TRUE">Local Area Network</protocol><orFunct><OnFunctCd value="001"></OnFunctCd></orFunct></onLineSrc></distorTran>
			<distorFormat>
				<formatName Sync="TRUE">Shapefile</formatName>
				<formatVer></formatVer></distorFormat>
			<distorCont><rpOrgName></rpOrgName><rpPosName></rpPosName><rpCntInfo><cntAddress><delPoint></delPoint><city></city><adminArea></adminArea><postCode></postCode></cntAddress><cntPhone><voiceNum></voiceNum></cntPhone></rpCntInfo><role><RoleCd value="003"></RoleCd></role></distorCont><distorFormat><formatName Sync="TRUE">Shapefile</formatName><formatVer></formatVer></distorFormat></distributor>
	</distInfo>
	<refSysInfo>
		<RefSystem>
			<refSysID>
				<identCode Sync="TRUE">NAD_1983_StatePlane_New_York_Long_Island_FIPS_3104_Feet</identCode>
			</refSysID>
		</RefSystem>
	</refSysInfo>
	<spatRepInfo>
		<VectSpatRep>
			<topLvl>
				<TopoLevCd Sync="FALSE" value="001"></TopoLevCd>
			</topLvl>
			<geometObjs Name="nyct2010"><geoObjTyp><GeoObjTypCd Sync="TRUE" value="001"></GeoObjTypCd></geoObjTyp><geoObjCnt Sync="TRUE">0</geoObjCnt></geometObjs></VectSpatRep>
	</spatRepInfo>
	<mdContact><rpOrgName></rpOrgName><rpPosName></rpPosName><rpCntInfo><cntAddress><delPoint></delPoint><city></city><adminArea></adminArea><postCode></postCode></cntAddress><cntPhone><voiceNum></voiceNum></cntPhone></rpCntInfo><role><RoleCd value="003"></RoleCd></role></mdContact><mdFileID Sync="TRUE">{D47784A4-737D-42B5-89FC-20E897EF4042}</mdFileID></metadata>
