"census.tract","priority"
"001700",-0.1311487896
"000600",-0.0700661618
"000700",-0.2728400117
"001800",-0.4707603731
"000300",-0.3520387797
"000800",-0.2138743818
"000900",-0.2865139856
"002001",-0.1403183576
"002002",-0.3285297552
"013204",-0.2219407303
"002100",-0.0865639779
"002700",-0.3381442064
"002900",-0.1851432588
"001100",-0.3131508647
"003300",-0.7508214462
"003600",-0.2768078004
"003900",-0.9747566386
"004000",-1.4081613816
"004700",-0.9563056555
"005000",-0.434407734
"005900",-0.9302215582
"006400",-0.2664771838
"007000",-0.225649146
"007400",-0.2185621272
"007500",-1.0837003426
"007700",-0.7666186974
"008100",-0.1064684341
"014605",-0.1306610832
"008900",-0.3991604653
"009601",-0.4601116622
"009602",-0.2014005051
"009700",-0.1154354227
"010500",-0.8643223817
"011201",-0.126485697
"011202",-0.1242780576
"011401",-0.3091965236
"011402",-0.2074927948
"012100",-0.8380007707
"012200",-0.3176091647
"012500",-0.1187476399
"012804",-0.146274622
"013201",-0.1768194423
"014606",-1.1349231952
"013301",-0.7855828004
"013302",-0.0849531561
"013400",-0.1615307662
"013800",-0.2409626886
"014100",-0.1578659834
"027704",-1.7457438057
"020804",-1.1098214939
"014700",-0.6654929667
"015100",-0.6056509953
"015400",0
"015601",-0.2496513232
"015602",-1.2113647363
"015603",-0.3339924821
"016901",-0.5388701251
"017010",-1.4528800801
"017300",-0.9562683486
"017600",-1.4239978038
"017700",-1.6359223689
"018701",-0.4964743693
"018702",-0.7648405319
"018901",-0.5713386343
"018902",-0.817605838
"019700",-0.5545658183
"020100",-0.7336223972
"020700",-0.0497515381
"030302",-0.4623206952
"020801",-1.5711021709
"017008",-1.2701082563
"020803",-1.1779110734
"021300",0.0292126747
"022300",-0.3183134051
"022600",-1.3865276585
"023100",-0.4951917023
"023900",-0.578419116
"024700",-0.0725692735
"024800",-1.2039496356
"025100",0.1530556864
"027301",-1.0285031803
"027302",-1.003713701
"030301",0.0557557351
"027702",-1.9556824325
"027900",-1.3866505193
"017005",-1.3157489957
"029102",-1.2746418922
"031901",-0.6072603291
"031902",-0.2328843096
"032300",-0.5931699808
"013203",-0.3413497412
"017007",-1.172624603
"029104",-1.0090888232
"029103",-0.849170503
"014604",-0.6321449598
"017009",-1.052099338
"022800",-0.7297897524
"024401",-1.6009254064
"024402",-1.7114460647
"027705",-1.9685090439
"027706",-1.9564090026
"990100",0
"006700",-1.0426236884
"018100",-1.6955713381
"019800",-1.4416618054
"012805",-0.1799748318
"012806",-0.2941222752
"014607",-0.3677288179
"014608",-0.2562870135
"017011",-1.5277952411
"017012",-1.112663127
"027100",-0.1407152568
"012900",0.7743235328
"014401",-0.1055834198
"009900",1.007426759
"014601",-0.1660477275
"015400",-0.2916073955
"015801",-0.1625566875
"015601",-0.0126246457
"029500",-0.1434720693
"024000",0
"001401",0.27551589
"021703",0.3359196803
"015200",-0.2565860869
"022900",-0.1279605677
"016100",-0.3337307478
"024700",0.1520513095
"016300",-0.2506157538
"020600",-0.3037320869
"016500",-0.5596606361
"018300",-0.5297083118
"018000",0.0405361579
"016002",-0.164396602
"016700",-0.530613403
"017500",-0.3376766507
"024900",0.5663895136
"021900",0.1672642123
"017000",0.1751641118
"016900",-0.4213575629
"023900",-0.5050033929
"017100",-0.5926862917
"018100",-0.5436944555
"020102",0.0828016114
"017402",-0.0899731549
"028700",-0.03425331
"000201",0.158182487
"016400",-0.0870094966
"018200",-0.0305262087
"022301",-0.1298956038
"018500",-0.4673673979
"021000",-0.5460464851
"027700",-0.3368600113
"023502",-0.1403726305
"022102",-0.06875291
"019701",-0.214713781
"019500",-0.6459473911
"018900",-0.4281425447
"024100",-0.3178449531
"019000",-0.237250338
"020101",-0.3551036206
"021400",-0.316253214
"020800",-0.2646000554
"018800",-0.2635249114
"023000",-0.2753575437
"026300",0.0397756165
"022400",-0.0545884668
"008700",0.6434319265
"023700",-0.1043950474
"024500",-0.1169261141
"010601",-0.0052459484
"022200",0.628385094
"024302",-0.5785643139
"021200",-0.0015427374
"022500",-0.212025289
"011401",0.1754658815
"023200",-0.5327100001
"009600",0.8776727923
"011203",0.3663344293
"030300",0.3969317138
"023300",0.0034000474
"022302",-0.1602359854
"025300",0.0320077181
"020901",-0.2469221033
"023600",-0.3344704988
"030900",0.0079532886
"025100",0.2961948255
"025500",-0.1057622348
"026700",-0.5413580538
"028100",-0.2911676653
"029100",0.2889660771
"029700",0
"020701",-0.4476801994
"028300",0.0437571499
"006200",-0.0064877313
"002500",0.0332288892
"005800",0.7960809858
"006000",-0.0906288903
"022600",-0.3634119316
"009000",0.1076639948
"002202",0.4268580574
"011500",0.839015003
"027500",-0.3583350804
"014700",0.2248546283
"015001",0.5496427534
"015500",-0.023777738
"020300",-0.5520967673
"019702",0.3726871341
"010400",-0.0174489163
"000500",0
"003400",-0.1218696972
"003001",0.5848825546
"000202",-0.0802047305
"014900",-0.0120765812
"000800",0.4664708855
"004100",0.9372429284
"001402",0.159932298
"017300",-0.6442366257
"002601",-0.0292910048
"019400",-0.2385729151
"024301",-0.0316805586
"014300",0
"001502",0.5839882741
"006600",-0.0264474703
"011201",1.104399099
"000100",0
"028500",-0.3141980429
"003601",-0.1722197027
"012200",-0.2603168922
"007000",0.1912237086
"019100",-0.3835524977
"019300",-0.5814002202
"017401",-0.2271039591
"002400",-0.4904050342
"017800",-0.0692264681
"006800",0.4235695655
"003200",0.1663422374
"007500",0.2721067151
"002700",0.4348803822
"000700",0.2558246374
"002900",-0.0764316041
"010200",0.8971892313
"008000",0.3379965023
"012100",0.1749185112
"000600",0.2385138576
"009200",0.346147404
"001200",0.3449841405
"005501",-0.0933671038
"003002",0.4221432052
"003100",0.9692762619
"001300",-0.0505467151
"001800",0.3688189139
"017900",-0.5519766092
"001002",-0.3107661467
"004700",0.9543125242
"014500",0.2731925291
"004800",0.0078449021
"002800",-0.0382431621
"005900",0.1420368359
"005700",0.5926900934
"003602",0.0889952556
"013600",-0.3739786319
"012600",-0.1616879674
"031900",0
"014402",0.0419658759
"003900",0.5116669702
"001501",0.5361298568
"004200",0.2365015966
"002201",0.2876954418
"014802",0.0676109188
"008400",0.6214571764
"002000",-0.1943826985
"001001",0.3120094708
"004300",0.672129213
"008100",0.4713109526
"005502",0.8340574016
"010300",0.0305005294
"010000",0.5618844784
"011100",0.7010171741
"022800",-0.0824627277
"006500",0.2630112553
"001600",0.4092221501
"009300",0.2301881279
"003800",-0.0262586247
"005000",0.1557175664
"006400",0.1218571974
"008300",0.7084565097
"007900",0.5325974159
"022000",-0.1306192111
"004500",0.5720414357
"027900",-0.2034189326
"023400",-0.3625493532
"018700",-0.4323712508
"002100",0.8792776914
"018400",-0.9495789364
"007600",0.7710814461
"016200",0.0912489448
"030700",0.3008627943
"006100",0.3715326169
"009500",1.0879504977
"002602",-0.3081023978
"006900",0.1787393394
"008800",0.1012412782
"007100",0.287500821
"051602",-0.9902128428
"061003",0.5849728773
"061004",0.1692660234
"069601",-0.2879162267
"069602",-0.1689822058
"079601",0.0676822477
"079602",0.159163143
"079801",0.1090937234
"079802",0.0999138487
"105801",-0.7481372768
"990100",0
"016300",0.5821786167
"016400",-0.1824263842
"016500",-0.5200603493
"016700",-0.3511805801
"016800",0.4830982932
"016900",-0.1722883012
"030904",0.1934914244
"008600",0.2190303378
"008700",-0.1412254428
"008800",0.1552211113
"009100",0.165417691
"009400",0.1870259231
"009500",0.1048929044
"009600",-0.1444783746
"009700",0.2329747779
"009800",0.2769680267
"009900",0
"010000",0.0875246795
"010100",0.0280829634
"010200",0.0635728662
"010300",0.1896836154
"010400",0.1974407189
"010500",0.124459279
"010600",0.2691777457
"023501",0.2408439763
"007200",0.2445079233
"003300",0.8879992539
"015002",-0.178266764
"007300",0.0810989304
"010100",0.4042396884
"010900",1.5211882363
"004000",0.0309070567
"027300",-0.2668080297
"009700",0.1733889458
"006700",0.2981184674
"004900",0.7466091778
"018600",-0.0525188919
"009800",0.0478081921
"019900",-0.2466229121
"008200",0.2522021988
"005200",0.9755436908
"005600",0.8915151416
"016600",-0.0584503585
"000900",0.5040308166
"026100",-0.212734922
"013800",-0.2734922248
"017700",-0.8934262418
"011600",-0.0600367476
"011700",0.43238294
"008900",0.314009762
"006300",0.0278241566
"007800",0.1083821395
"019600",-0.1344854649
"026900",-0.3167135306
"014801",0.4795692828
"012800",-0.0695564016
"011800",-0.2945636929
"021800",-0.000692197
"021100",-0.1455470339
"005400",0.8508313572
"012000",-0.1857852641
"013500",0.6443854269
"013700",0.9462083067
"012400",-0.0856348504
"012700",0.2270375519
"013400",-0.1358794674
"020000",0.3515747575
"014200",-0.1835320825
"009100",0.6992501429
"009400",1.1046123282
"011000",-0.0994248007
"010602",0.2025868433
"014000",-0.1687772925
"010800",0.0800041094
"007700",0.3677597693
"007400",1.368191104
"012500",0.9286078696
"011202",0.974851713
"015900",0.1621012465
"015602",0.2436518363
"014602",-0.0803758287
"020500",-0.6213235976
"029300",0.1197529226
"031100",0
"011402",0.6811067251
"013900",0.4224350611
"013300",0.3311028652
"015802",0.060596507
"019200",-0.3299158187
"016800",-0.2057486762
"011300",1.0922177633
"021600",-0.2650020697
"013000",-0.5016836338
"019800",-0.2077906039
"011900",0.6124363369
"016001",-0.2285420412
"015700",0.0620591462
"026500",0.2050518382
"015300",-0.3330635462
"013200",-0.1412429854
"015100",-0.467815685
"013100",0.7135164566
"017200",0.2750003213
"021500",-0.050475423
"025700",0.1909246635
"003700",1.4582147412
"024200",0.0709210421
"025900",-0.0782948187
"029900",0.2980324015
"008601",0.3398696282
"008603",-0.0216711523
"022700",-0.1160815902
"023100",0.0440035618
"023801",-0.1219199518
"023802",-0.1075714827
"031703",-0.5778022763
"031704",-0.6627509061
"004400",-0.6724996997
"008602",0.0715722709
"021303",0.1936806518
"031500",-0.1270286004
"031701",0.0195279668
"031702",0.1670378744
"031900",-0.0615546284
"032100",-0.0868664667
"032300",0.0741175583
"032500",-0.1102584316
"032600",0.0433624398
"032700",0.2613876067
"032800",0.2695796366
"032900",0.1633846119
"033000",0.0770037893
"060800",0.0580476298
"062800",0.3216795112
"061200",-0.4599945815
"062200",0.009650354
"062600",-0.1473285455
"063200",-0.0201133161
"063600",-0.1469573655
"063800",0.1338694183
"064000",-0.1565752806
"064200",0.1001891129
"064400",-0.2077080957
"064600",-0.029549065
"064800",-0.1669278343
"065000",0.844566486
"065200",0.0699763601
"065400",-0.0496855237
"065600",0.0216599448
"065800",-0.0873698516
"087200",0.1124751322
"087401",0.1643693508
"087600",0.1747265604
"087800",-0.1526619276
"088000",0.3314665415
"088200",0.1422659165
"088400",0.2395803864
"088600",0.1862909394
"088800",0.3482095959
"089000",0.2395627703
"089200",0.1569133938
"089400",0.2715215463
"089600",0.0713038351
"089800",-0.0323643287
"090000",0.0128748145
"090200",0.2897662621
"090600",0.0152768936
"090800",0.372120688
"048900",0.3787209751
"049200",-0.8273260753
"049301",0.4067509638
"049302",0.3747036345
"049500",-0.0430184709
"049600",-0.0482365174
"049700",0.4726779003
"049900",0.324181449
"050000",0.1073787967
"050201",0.4695581847
"050202",0.0850304864
"050400",0.1286315381
"050500",-0.2653177022
"050600",0.1106018281
"050700",-0.3353685744
"050800",-0.0106566305
"051000",0.0299682764
"051100",0.8286167798
"066501",-0.2661356528
"066701",-0.1214208746
"066900",-0.4429764057
"067700",-0.301567619
"067900",-0.23423128
"157903",-0.7424736308
"161700",-0.6081026369
"162100",-0.8513845146
"097202",-0.4201101583
"076901",-0.7029488307
"107202",0
"012500",0.378082048
"029400",-0.010973285
"061301",0.248568861
"065703",-0.1556997322
"072300",-0.212878336
"084900",0.2702192753
"086900",0.5176258923
"033100",-0.0727266111
"033300",-0.0944374651
"033500",0.1409234703
"033600",-0.4251745766
"033700",-0.9060798028
"033900",0.1293086307
"034000",0.5422167318
"034100",0.1317432588
"034200",0.2648009488
"034300",-0.1998341696
"034500",-0.09717543
"034700",-0.3272544216
"034900",-0.2140168215
"035000",-0.1802766618
"035100",-0.4855193282
"053400",-0.0030077466
"053500",-0.1320228234
"053700",0.3667862417
"053800",-0.0047411316
"053900",0.069677155
"054200",-0.0553625348
"054300",0
"054400",-0.2764901799
"054500",-0.1405427181
"054700",0.2467333179
"054800",0.0976403923
"054900",0.8410448225
"055000",0.0500023939
"055100",0.5603258695
"055200",0.0831123926
"055300",0.5788314528
"055400",0.3541215931
"055500",0.6145124228
"055600",0.4458290253
"055700",0.8021606465
"055800",0.1788555938
"056000",0.0074658803
"056200",0.2211982576
"056300",0.5004552882
"056400",0.0392866901
"048600",0.196655374
"048800",-0.1014601785
"048900",-0.0525637633
"049000",-0.1489561024
"049100",0.4357682359
"049200",0.2777502141
"066600",0
"075800",0.2398250973
"000100",-0.316036068
"000200",0.6775568775
"000301",-0.4054661332
"000700",-1.4922171285
"000900",0.1506986615
"001100",1.6491007378
"001300",0.2920425947
"001800",0.2766673201
"002000",0.6330219489
"002100",0.5435875392
"018800",0.4706370555
"019000",0.4618432833
"019100",0.3225313912
"019200",-0.2337137215
"019300",-0.1048661268
"019400",0.155639178
"019500",-0.325636203
"019600",0.2842259084
"019700",-0.2390894687
"019800",0.5620076065
"019900",0.1537539864
"020000",0.29015281
"020100",0.2361811325
"020200",0.352003474
"020300",0.7243260572
"020400",0.2989843866
"020500",0.6649673313
"020600",0.2115143746
"020700",-0.2415031039
"020800",-0.5926039183
"021000",0.0078898893
"021200",0.0915135423
"021300",0.0341523438
"021400",0.2599627408
"021500",-0.3316989974
"021600",0.1872065813
"021700",-0.127624201
"021800",0.1574232418
"093000",0.4669718501
"093400",0.2201424464
"093600",0.4275589153
"093800",0.3914298922
"094401",-0.0293938419
"094402",-1.0807935166
"095000",-0.3063154835
"095400",-0.4338534208
"095600",-0.1668146603
"095800",-0.0440772965
"096000",-0.3526783107
"096200",0.187094319
"096400",-0.0705911757
"096600",0.0614493633
"096800",0.1112831767
"097000",-0.1796655861
"097400",0.0041011417
"098200",-0.5136489648
"098400",-0.3273938624
"098600",-0.6626017119
"098800",-0.4036458799
"099000",-0.0849658258
"099200",-0.0889566681
"099400",-0.3110984432
"099600",-0.2530349002
"074600",0.0824860413
"074800",-0.0545392104
"075000",-0.0938765541
"075200",0.1364300494
"075400",-0.1108825099
"075600",-0.1220986957
"076000",-0.274624201
"076200",-0.100438135
"076400",-0.7563230758
"076600",-0.7130657675
"077000",-0.1311343021
"077200",-0.0237868433
"077400",0.0984893822
"077600",-0.0379776626
"078000",0.1432183204
"078200",0.1938201753
"078400",0.2230403771
"078600",-0.1484173487
"078800",0.0524239448
"079000",0.3726206325
"079200",0.6328363161
"079400",0.6608526613
"080000",0.2107389598
"080200",0.2646649841
"080400",0.3458313047
"080600",0.2464914483
"035200",0.6985503435
"035300",-0.2996427037
"035400",-0.7569475654
"035500",0.2382707622
"035700",0.3678140067
"035900",-0.1806975598
"036001",0.4069929042
"036002",-0.4985139642
"036100",0.498969878
"036200",0.2729559988
"036300",0.4906074027
"036400",0.2919999046
"036501",0.3787508713
"036502",0.51299169
"036600",0.1904666076
"036700",0.6099954312
"036900",0.256788332
"037000",0.2042092798
"037100",0.2775241408
"037300",0.3791883928
"037500",0.4701500903
"037700",0.0550031532
"056500",0.4899552197
"056600",0.0295435066
"056800",-0.0847487735
"056900",0.2757961645
"057000",-0.0665554616
"057100",0.3005799522
"057200",-0.6693871816
"057300",0.5877962501
"057400",-0.0863895647
"057500",0.534949237
"057600",0.0759984983
"057800",0.233101597
"057900",0.1693769522
"058000",0.4252144977
"058200",0.2827460813
"058400",0.4378207767
"058600",0.070800262
"058800",0.2903959069
"058900",0.7217347301
"059000",0.150847907
"059100",0.3802492928
"059200",-0.0214951499
"059300",0.3585802537
"059401",-0.0158046302
"059402",-0.1214558702
"002200",0.5550305093
"002300",0.2532322507
"002901",-0.8342483726
"003000",0.2443324381
"003100",0.0097355422
"003300",-0.124436251
"003400",0.0532560108
"003500",-0.4368574872
"003600",-0.1455211147
"003700",0.6296732525
"003800",-0.5806954887
"003900",-0.271336325
"004100",-0.3770601298
"004300",-0.3193027959
"004500",-0.0549495299
"004700",0.718647065
"060600",0.3121648699
"004900",-0.0739514231
"005000",-0.221145744
"005100",0.5351433392
"005201",0.1224307453
"005202",0.0799987284
"005400",0.135746802
"021900",0.039896386
"022000",0.4858039152
"022100",0.173365762
"022200",0.3979171942
"022400",0.5110999289
"022600",0.3351383855
"022700",1.3532306078
"022800",0.1025921969
"022900",0.4382461541
"023000",0.1889866647
"023100",0.2994491172
"023200",0.0856591022
"023300",0.2484180748
"023400",0.2319914791
"023500",0.1041599242
"023600",0.1435776284
"023800",0.1791004877
"024000",0.3026671647
"024100",0.9251463606
"024200",0.2948705428
"024300",0.3628905986
"024400",0.2718791638
"024500",0.5867226329
"024600",0.4633031218
"024700",0.1491118955
"024800",0.5243869911
"024900",0.4621494316
"099800",-0.3329347578
"100400",-0.1623780368
"100600",-0.0785298291
"100800",0.017957671
"101000",0.0101090656
"101200",-0.5569729025
"101400",-0.8478196323
"101600",-0.4034039105
"101800",-0.4228662984
"102000",-0.3880339424
"102200",-0.259245453
"102400",-0.1242899901
"102600",-0.5429466454
"102800",-0.0825228412
"103400",-0.3552232629
"107000",0.4398589271
"107800",0.3218964584
"109800",0.3065650392
"110600",0.0544860141
"111000",-0.8917942849
"111800",0.2925233728
"112000",-0.0229214812
"112200",0.2216514747
"112400",0.0705426558
"081000",0.2567038509
"081400",0.3612440967
"081600",0.3395811867
"081800",0.4532049635
"114400",0.5215260142
"011900",0.7968432834
"015200",0.2136919192
"016600",0.2763721454
"021100",0.1721366214
"048500",0.4857147421
"056100",0.5275058962
"062000",-0.4671085357
"080800",0.3371729064
"092400",0.1788180716
"093200",0.4284741286
"110400",0.175739137
"111600",0.1799308073
"123700",0.506614903
"150200",0.0537992567
"004400",-0.0697197192
"005300",1.3408704409
"037900",0.168141538
"038100",0.0303598038
"038200",0.3684598648
"038300",-0.0988068112
"038500",0.3294264382
"038600",0.3433911862
"038700",0.1691748693
"038800",0.3580678711
"038900",0.6820251641
"039000",0.0328616652
"039100",0.1676145342
"039200",0.0727988395
"039300",0.664047858
"039400",-0.0981146452
"039500",0.3342514774
"039600",0.1748103875
"039700",0.3937565213
"039800",0.4024666028
"039900",0.4119149159
"040000",0.386068683
"040100",0.2687844466
"040200",0.538176816
"040300",0.4521617783
"059600",-0.040905943
"059800",-0.3401716128
"119000",0.4169483524
"060000",-0.0021751477
"066000",-0.1653747065
"005601",0.2269275811
"005602",0.3615670685
"005800",0.3232792301
"005900",0.8240155333
"006000",0.1384893622
"006200",0.2040184057
"006300",0.5217435015
"006400",0.1229885672
"006500",0.3613593888
"006600",0.0454396419
"006700",-0.1069022797
"006800",0.1258960422
"006900",-0.3978944905
"007000",0.1841121863
"007100",-1.0056626078
"007200",0.4092071015
"007400",0.4136771768
"007500",0.2658176968
"007600",0.346884839
"007700",0.3042885327
"007800",0.3329747394
"008000",0.4996010283
"008200",0.4250389216
"008400",0.8876432302
"008500",0.266744093
"025000",0.5858967121
"025100",0.0746519871
"025200",0.3918124064
"025300",0.5532123635
"025400",0.484276355
"025500",0.1163512749
"025600",0.2805515127
"025700",0.2246304414
"025800",0.1544958666
"025901",0.3232659586
"025902",0.2415066953
"026000",0.485743241
"026100",0.2666890614
"026200",0.5884147253
"026300",0.7086574374
"026400",0.5256163899
"026500",0.1497668599
"026600",0.2683359138
"026700",0.0993884988
"026800",0.1550046821
"026900",0.3649978038
"027000",0.3232497078
"027200",0.4161226075
"027300",0.0714715883
"027400",0.5181602481
"027500",0.2556455741
"027600",0.5151688014
"027700",-0.3726526095
"112600",0.2548527561
"112800",0.1933181704
"113000",0.2654057245
"113200",0.372773166
"113400",-0.3654258533
"114201",0.4562323611
"114202",0.2527901624
"114600",0.2810848488
"115000",0.3163825016
"115200",-0.0435196047
"115600",-0.018292946
"115800",0.2999893579
"116000",-0.1224848371
"116200",0.0674611912
"116400",0.3924084969
"116600",0.5311644663
"116800",0.4724034322
"117000",0.1927162794
"117201",0.1005441582
"117202",0.3483512307
"117400",0.1299502748
"117601",0.2407848892
"117602",0.3884343369
"117800",0.4511361534
"118000",0
"012600",-0.1333712095
"027100",0.2783581261
"030500",0.370812571
"034800",0.3514274159
"044900",0.3127027236
"046000",-0.2782991984
"076800",0.126620962
"094600",0.1619101313
"105804",-0.5208710479
"119800",0.5995316741
"152200",-0.1324752415
"000501",-0.2392328571
"000502",-0.5786665627
"001500",-0.1000953348
"035601",-0.9618707382
"035602",-0.6500495664
"037401",0.3307550802
"037402",-0.1015878613
"050801",-0.1632896659
"050803",-0.0786109032
"050804",-0.2136585605
"051001",-0.8701066645
"028200",0.3935339726
"028300",0.2994590187
"028400",0.7194299603
"028501",0.1421905621
"028502",0.2355609526
"028600",0.3861067564
"028700",0.056534199
"028800",0.673125088
"028900",0.1394618172
"029000",0.4859974138
"029100",0.013104961
"029200",0.5247693726
"029300",-0.3010298955
"029400",0.5975711952
"029500",0.0612020488
"029600",0.6419852558
"029700",0.0702848675
"029800",0.7864632185
"029900",-0.1898643475
"030000",0.4836341482
"030100",0.6547402062
"030200",0.5275546981
"030300",0.3607085851
"030400",0.376583141
"030600",0.3218285106
"030700",0.1739596976
"030800",0.0632091175
"030900",-0.3057942255
"031100",-0.1219206358
"031300",0.0591026185
"031400",0.3876177318
"040400",0.537234123
"040500",0.7203621907
"040600",0.1776092655
"040700",0
"040800",0.3331339121
"040900",0.4812680317
"041000",0.4197000332
"041100",0.3076344639
"041200",0.5290042673
"041300",0.329058319
"041401",-0.056643481
"041402",-0.3345351566
"041500",0.0473415884
"041600",0.0650974119
"041700",0.0121751299
"041800",0.0262280695
"041900",0.1836004077
"049300",-0.0075659722
"049400",-0.490843161
"049500",0.8510825928
"049600",0.1678438609
"049700",0.4828112019
"049800",0.0619384274
"049900",0.499181774
"050000",-0.2100689018
"050100",0.8759207843
"050202",-0.0886596935
"066200",0.2873150156
"067000",0.0142963119
"042000",0.4508775127
"042100",0.354462752
"042200",0.0215163074
"042300",0.6335970286
"042400",0.3594818094
"042500",0.3523861499
"042600",0.5589614326
"042700",0.3071579817
"042800",0.483415591
"042900",0.238255287
"043000",0.5666811372
"043100",0.2724280171
"043200",0.5125085305
"043300",0.4857765569
"043400",0.4924473672
"043500",0.8249114545
"043600",0.5586361923
"043700",0.59604148
"043800",0.0549887627
"043900",0.9751961103
"044000",-0.3248483406
"044100",0.2950244929
"044200",-0.0290256346
"044300",0.1375996563
"008600",0.9801295207
"008800",0.2452453427
"009000",-0.2331696228
"009200",-0.1145239599
"009400",0.0789446381
"009600",0.0455867846
"009800",0.2920487851
"010000",0.1339180366
"010100",0.9892353804
"010200",-0.0010810666
"010400",0.3118501558
"010600",0.254242439
"010800",0.3905115398
"011000",0.6661089011
"011200",0.2791057322
"011400",0.188310336
"011600",0.2296647264
"011700",0.4930383574
"011800",0.3846932004
"012000",0.4221955747
"012100",0.4271204871
"012200",0.6573961896
"012700",-0.3878151527
"012801",0.241650979
"012901",0.1855214789
"012902",0.3120276854
"013000",0.0332642153
"013100",-0.0389050739
"050300",0.5266689153
"050400",0.2016920766
"050500",0.3309945886
"050600",-0.3613836639
"050700",0.3799494542
"050900",0.0743129009
"051100",0.7763433913
"051200",-0.5487569912
"051300",0.6487265905
"051400",-0.0940714036
"051500",0.8567160037
"051700",0.809561747
"051800",-0.4771614347
"051900",0.9963756196
"052000",-0.366249717
"052300",0.5887229578
"052500",0.497458426
"052600",-0.3756168361
"052700",0.4479425113
"052800",-0.767512028
"052900",0.1405046608
"053000",-0.0057178328
"053100",0.0891051686
"053200",-0.24421765
"053300",-0.3376738416
"044400",0.0287493899
"044500",0.2214553127
"044600",0.3516669943
"044700",0.9566375833
"044800",0.1084224883
"045000",-0.6889991496
"045200",-0.1913691942
"045300",1.071435329
"045400",0.5494013437
"045600",-0.0386753655
"045800",-0.5239189048
"046201",-0.3372133513
"046202",-0.0703017545
"046400",0.1507389264
"046800",0.7826685616
"047000",0.0638502435
"047200",0.1385695735
"047400",0.1502326802
"047600",0.2515970165
"047700",0.8772902788
"047800",0.3589457785
"048000",-0.6164382764
"048100",0.590816923
"048200",-0.2103033366
"048400",-0.2057920372
"013200",0.4415999867
"013300",-0.0660751227
"013400",0.0549187132
"013500",-0.1680474945
"013600",0.0730096109
"013700",0.3508794969
"013800",0.0128598496
"013900",-0.0496904159
"014000",0.230797355
"014100",0.3024872916
"014200",0.0503103809
"014300",0.8608340262
"014500",1.099384028
"014700",0.9602130014
"014800",0.3860704812
"014900",0.33382641
"015000",0.418334546
"015100",0.2626516109
"015300",-0.0004264682
"015400",0
"015500",-0.0306471177
"015700",-0.1666209292
"015900",0.1007903944
"016000",0.2586350474
"016100",-0.2883101688
"016200",0.2537272857
"027800",0.7250753838
"027900",0.2024150998
"028000",0.5443100435
"028100",0.1131054199
"082000",0.1465151359
"082200",0.0188228324
"082400",0.3466547796
"082600",0.8664558762
"082800",0.6540271267
"083000",0.1467513758
"083200",0.2125621987
"083400",0.384877751
"083600",0.2665700498
"083800",0.353797426
"084000",0.1540179347
"084600",0.4227285152
"084800",0.4033593309
"085000",0.3197446817
"085200",0
"085400",0.2119854349
"085600",0.164546166
"085800",0.2021469043
"086000",0.1888664247
"086200",0.4639159059
"086400",0.3376165962
"086600",0.3584707249
"086800",0.5046918957
"118201",0.2695745931
"118202",0.2419086892
"118400",0.1888240994
"118600",0.414296369
"118800",0.4198475603
"119200",0.328556987
"119400",0.1737161584
"119600",0.2461236393
"120000",0.2362112259
"120800",0.301608511
"121000",0.61433752
"121400",-0.257502823
"122000",0.574320036
"054600",-0.2786008582
"120200",0.6303099109
"072600",0.2212630608
"004600",0.0850662479
"061002",0.4249588588
"061600",-0.1768291876
"067200",0.2321348258
"067400",0.3047070498
"067600",0.1035680996
"067800",-0.0524477471
"051002",-0.9187243585
"051601",-0.1926851008
"017000",0.517163254
"017100",-0.0217079764
"017200",0.5578616492
"017400",0.3221317442
"017500",0
"017600",0.4929520521
"017700",0
"017800",0.5045610643
"017900",-0.5151770837
"018000",0.2934582
"018100",0.1282860861
"018200",0.5857228951
"018300",-0.10197266
"018400",0.5093040476
"018501",-0.4032795073
"018600",0.4352336199
"018700",-0.2751079721
"087000",0.0562984663
"091000",-0.0567391619
"091200",-0.1245775991
"091600",0.2473149536
"091800",-0.032017822
"092000",0.2880354798
"092200",0.3665995717
"092800",0.5701033435
"068000",0.0982729621
"068200",0.1662186772
"068600",-0.3133182008
"068800",0.3606755612
"069000",0.1799749273
"069200",-0.2216322178
"069800",0.1220415065
"070000",-0.1822868798
"070201",-0.481641467
"070202",0
"070203",0
"070600",-0.452544857
"072000",-0.8117374159
"072200",0.0531143197
"072400",-0.1201235759
"072800",-0.0326423398
"073000",0.0884570265
"073200",0.045931022
"073400",0.1839423447
"073600",0.0207954162
"073800",-0.1323968111
"074000",0.034000854
"074200",0.0761661368
"074400",0.1782548968
"068000",0.089034208
"068200",-0.037742328
"068300",0.2414137066
"068700",0.0250036792
"069000",0.0543595866
"069300",0.0471294922
"069400",0.1818333838
"069500",0.0017440515
"069701",-0.0826030355
"069702",0.0061348865
"070300",-0.3202520422
"070700",-0.9551603644
"070900",-0.6788461276
"071100",-0.2144955606
"071600",0
"071900",-0.5262584928
"072100",-0.6382633506
"072900",-0.0156249229
"073100",-0.5577624782
"019400",-0.3895478636
"019900",0.7650766203
"020500",0.078079277
"026901",0.1760004157
"042400",0.0568649259
"062200",0.1397373748
"067100",-0.4151026529
"074900",-0.936276492
"079702",0.0364000506
"095400",0.3150372517
"099802",-0.6884481233
"127700",-0.8182197227
"990100",0
"025400",0.0585072039
"030600",0.0231418136
"035700",-0.0313927522
"073700",0.4117269841
"073900",-0.4311808463
"074100",-0.4705211891
"074300",-0.6488765807
"074500",-0.4673822569
"074700",-0.3562575262
"076902",0.1646492263
"077300",-0.7589473808
"088901",-0.0600396722
"062100",0.0087410908
"077500",-0.7987071853
"077902",-0.3572082388
"077903",-0.3309039884
"077904",-0.288494497
"077905",-0.6717206439
"078800",-0.2888532578
"079000",-0.6120611042
"079200",-0.3302840593
"079300",0
"079900",-0.1570140356
"080301",-0.121485441
"044400",0.4411301632
"053100",0.4913379067
"058200",0.0458683843
"108500",-0.2281826275
"109300",-0.3585226062
"141700",-0.1120817347
"006201",-0.2468779864
"006202",0.0154936617
"006501",0.2554584116
"006502",0.2607693809
"015801",0.257822615
"015802",0.3786567139
"018101",0.2500125367
"018102",-0.1773263385
"018501",0.1386512959
"018502",0.3047622526
"025301",0.3207579308
"025302",0.6025603869
"026902",0.3811315851
"030903",0.0801023101
"010701",-0.1827175843
"010800",0.2047070758
"011000",0.2971208104
"011100",0.2293483715
"080302",-0.3336819815
"080900",-0.4832857165
"081400",-0.3078506763
"081800",-0.0924336273
"083700",-0.2367702465
"083800",-0.0814977208
"084000",-0.1502826703
"084500",0.0777193469
"084601",-0.213627052
"084602",0.2931180718
"085300",0.11025156
"085500",0.0374598466
"085700",0.03993772
"085900",-0.0397094347
"086100",-0.5430973988
"086300",-0.4351497759
"086400",0.0660217552
"086500",-0.0406636641
"087100",0.3526435969
"088400",0.0681319679
"038302",0
"043701",0.3658604546
"043702",0.310823967
"044301",0.3331152102
"044302",0.303032229
"061302",0.0086801683
"071303",-0.2295904514
"071304",-0.2522732576
"071305",-0.3428930486
"071306",-0.5275437105
"071701",-0.2691123954
"071702",-0.158711638
"075701",-0.4107181039
"075702",-0.4576606986
"077906",-0.4292588474
"077907",-0.3065224908
"077908",-0.1902522847
"079701",0.1777413435
"093401",0.1133101664
"011200",0.1283142106
"011300",0.073907027
"011400",0.3151134173
"011500",0.1122624477
"011600",0.1128721593
"011700",0.3290663694
"011800",0.1716653082
"011900",-0.1511541757
"012000",0.1366093347
"012100",0.3568340868
"012200",0.4087795954
"012301",0.4481122784
"012400",0.2422198625
"012601",0.2635525365
"012602",0.1747061709
"012800",0.2441448627
"013000",0.2488341051
"013200",0.2865426736
"013400",-0.6236372696
"013500",0.0554811036
"013600",-0.6316708545
"013700",0.441576122
"013800",-0.4032162873
"014000",-0.442885342
"014100",0.6120563925
"089200",-0.0908599136
"090700",0.2063701068
"091601",-0.3422326733
"091602",0
"091800",0
"091900",0.3186768138
"092200",-0.1702813939
"092500",0.4219177277
"092800",-0.009298737
"092900",0.3492894508
"093800",-0.3505181352
"093900",0.2644298848
"094201",0.2231562966
"094202",-0.0053502856
"094203",0.1380020342
"094500",-0.0286345832
"094700",0.5885901718
"093402",0.3321707148
"038301",0
"097203",-0.4110372525
"097204",0.0907065261
"099703",-0.4405897512
"099704",-0.5024811137
"099705",-0.1211344255
"099801",-0.1026343515
"100801",-0.3490043332
"100802",-0.122057193
"129103",-0.5561183302
"129104",-0.5899921389
"014201",0.1452881906
"014202",0.299641393
"014300",0.4551288217
"014400",0.3911043683
"014500",0.5972644279
"014700",0.1654463831
"014800",0.2447311296
"014900",0.004050436
"015000",0.360588409
"015100",0.2966557893
"015200",0.3112788088
"015300",0.5952171991
"015400",0.4337218558
"015500",0.2801975288
"015600",0.3089298347
"015700",0.1281575904
"015900",0.2603835662
"016100",0.3636120694
"016300",0.0325412354
"016400",0.4589457282
"016600",0.1992379534
"016800",0.1393686114
"016900",-0.0296278488
"017000",0.218280266
"096400",-0.0562938022
"097300",-0.1616508529
"098100",-0.7791643008
"047000",0.3095635437
"047100",-0.198352496
"047200",-0.6417689928
"047300",0.0081123668
"047500",-0.2114890846
"047600",-0.8961585381
"047800",-0.9758771248
"047900",0.1449796384
"048000",0.7350871691
"048100",0.3288523916
"048200",-0.0338275166
"048300",0.1618400151
"048400",0.0350978662
"048500",0.1988410207
"017100",0.295978067
"026400",0.0324149479
"026500",0.1369791449
"026600",-0.0374943724
"026700",0.2151950112
"027000",0.140333759
"027100",0.4289521229
"027200",-0.3188550487
"027300",0.1016699303
"027400",-0.6337824076
"027500",-0.1334730814
"027600",0.01452078
"027700",-0.2418839614
"027800",-0.4168201383
"027900",-0.5286244602
"028000",-0.3734775051
"028100",-0.4499404957
"028200",0.0180048642
"028300",-0.3700671256
"028400",-0.0619433904
"028500",-0.0635520037
"028700",-0.0160281503
"051200",-0.1493395994
"051300",0.8178426302
"028800",-0.3558717407
"028900",-0.0928212402
"029100",-0.0937334939
"029300",0.2646196176
"029500",0.2436262523
"029700",0.4076621761
"029900",0
"030902",-0.1493376875
"031700",0.125525599
"032000",0.1926329575
"032700",-0.1922086213
"032800",0.0005946295
"032900",-0.0308793372
"033000",-0.4066185729
"033100",0
"033401",-0.1941619949
"033402",-0.6715232252
"033700",-0.053531866
"033900",-0.0016809509
"051500",0.2139776401
"051600",0.2747839259
"051700",0.3284047428
"051800",-0.2605362689
"052000",-0.1700906385
"052100",0.4631887293
"052200",-0.1523868702
"052400",-0.0557011464
"052500",0.3630168457
"052600",-0.0242415551
"052800",-0.0143917764
"053000",0.0091548042
"053200",0.1061829843
"053401",0.0518968037
"053500",0.3077798101
"053601",0.1820680548
"053800",0.2518667812
"053900",0.2625688294
"054000",0.2527087364
"054200",-0.0947718628
"054500",0.1838247296
"054700",-0.0197204796
"034700",0.0811535762
"035100",-0.7130133227
"035200",-0.0793485869
"035300",-0.0861008605
"035800",0.112881755
"036100",0.2021902467
"036300",-0.2236551344
"036500",-0.0937040469
"036600",0.0833592118
"036700",0.3736873739
"036800",0.0918228778
"037100",0.2187792814
"037300",0.1200136634
"037500",0.2165895525
"037600",0.0418263301
"037700",0.3048669761
"037900",0.1350503195
"038100",0.216617172
"038400",0.0684712887
"039400",-0.0301605229
"039800",0.0242029448
"054800",-0.281641632
"054900",0.0009926323
"055100",0.0120851398
"055200",-0.4123467727
"055300",0.5278291195
"055400",0.050193715
"055500",0.5037793119
"055600",-0.0310670374
"055700",0.0432534882
"055800",-0.2239108303
"055900",0.3721265902
"056000",-0.1009795806
"056100",0
"056200",-0.1474390844
"056400",0.1149000598
"056500",0.3992935943
"056600",-0.0176651129
"056700",-0.2699061855
"056800",0.1306811926
"057700",-0.1375207121
"057900",-0.2920979733
"039900",0.3478933113
"040000",0.1165549038
"040100",0.2529647101
"040200",0.1315525909
"040300",0.3542692688
"040400",0.1415086963
"040500",0.4453412194
"040700",0.3178152032
"040900",0.1952571199
"041100",0.0198454847
"041300",0.2686380547
"041400",0.1742447262
"041500",0.5103218852
"101002",-0.419683065
"042600",0.013956787
"042700",0.1695255096
"043200",0.3137318946
"043400",-0.0748964929
"043900",0.2547570024
"044000",0.3529638332
"044601",0.022445681
"058000",0.1769450056
"058100",0.1780070712
"058300",-0.3676936563
"058500",-0.1516906212
"058700",-0.5559950778
"058900",0.1615583122
"059000",0.5490080688
"059100",0.1798389797
"059200",0.0429692416
"059300",0.2430199746
"059400",-0.2514805291
"059500",0.0765588868
"059600",-0.1205758335
"059800",-0.0037017498
"059900",0.1405456065
"060000",-0.0031694795
"060100",0.2715235824
"060300",0.0509139713
"060600",-0.0440081045
"060701",0.2990996141
"060800",-0.0316460856
"061000",0.081866322
"044602",0.3069027451
"044800",-0.3127891116
"045000",-0.2628144919
"045200",-0.2250186157
"045400",-0.1901391125
"045500",-1.3006967719
"066400",-0.6122567346
"045700",0.2186214354
"045800",-1.1619021244
"045900",0.1403830921
"046000",0.337665181
"046100",0.1644795913
"046200",0.4568106865
"046300",0.2110013813
"046400",-1.3330043869
"046500",0.1898182349
"046600",-1.0566252665
"046700",-0.0760568892
"046800",0.1796503064
"061200",-0.0274299812
"061400",-0.0398218667
"061601",0.0823365677
"061602",0.0429683914
"061800",-0.2188092583
"061900",0.0785080088
"062000",0.232886741
"103201",-0.251325717
"062300",-0.0714226114
"062400",0
"062500",-0.3542014349
"062600",0.0274312275
"062700",-0.5197655647
"062900",-0.0225730637
"063000",0.1079411055
"063200",0.1049300708
"063301",-0.1417317841
"063302",-0.072173051
"063500",-0.027845884
"098700",0.1628280396
"099100",-0.1969712244
"046900",-0.0913264516
"017200",0.3179672732
"017400",0.1384858053
"017600",0.3890045837
"017800",0.2130799041
"017900",1.176268004
"018000",0.3145722822
"018200",0.1561139322
"018300",-0.0204168386
"018401",-0.2738831023
"018402",0.0418682267
"018600",-0.2063668212
"018700",0.1606077427
"018800",-0.2093303608
"018900",0.4652703957
"019000",-0.3300221133
"019200",-0.3806253623
"019600",-0.1355350468
"019800",-0.1601456948
"020200",-0.1852948881
"020400",0.4236765775
"020600",0.5577342163
"099200",0.3507499359
"099701",-0.1087370737
"099900",0.6976681977
"101001",-0.1954189065
"101700",-0.1575991056
"102900",-0.3031071181
"103202",-0.0359911333
"155102",-0.8438221946
"103300",0.0224684376
"103900",-0.0110331424
"104700",-0.5539405885
"105900",-0.3302524912
"107201",0.3747678445
"109700",-0.200961945
"109900",-0.7008323467
"020800",0.6222729807
"021200",0.6184593086
"021400",0.1636815328
"021600",-0.309305865
"021900",-0.0724042418
"022001",-0.388483964
"022002",-0.0732270026
"022900",0
"023000",0.0400733254
"023200",0.0266498216
"023500",0.1989645658
"023600",-0.2263300052
"023800",0.3092070639
"024000",-0.1117807578
"024300",0.0692413958
"024500",0.0120681871
"024600",0.7026761059
"024700",0.2654256033
"111300",-0.3591976376
"112300",-0.1949521501
"112900",-0.4453141062
"113300",-0.4033720254
"113900",-0.6743623937
"114100",-0.2861116332
"114700",0.0070754656
"115100",-0.2417815692
"115500",-0.4302656084
"115700",-0.2351441462
"115900",-0.4086898771
"116100",0.0701389298
"116300",-0.3643972818
"116700",-0.4217880524
"117100",0.125100495
"117500",-0.1086994806
"118100",-0.0887259653
"118500",0.1097104817
"118700",-0.4133239993
"118900",-0.2394464982
"119100",-0.0650554024
"119300",-0.3612136081
"024900",-0.0343261458
"025100",0.1195782523
"025500",0.1614560943
"025700",0.3608895489
"025800",0.3626233862
"025900",0.3509240226
"026000",-0.2074966506
"026100",0.0605694312
"026200",0.0800158926
"026300",0.2405993651
"045600",-0.3503281658
"000200",0.4670316696
"000700",0.8942389041
"000600",0.1957535117
"000100",0.7374540004
"000400",0.2310507653
"000800",-0.096777176
"001000",0.0831183784
"001200",-0.2654370104
"001400",-0.0110476257
"001600",-0.2003070962
"001800",-0.2514422145
"119500",-0.2963204103
"119900",-0.1881177421
"120100",-0.3818922917
"120300",-0.3974221263
"120500",-0.4719847659
"120700",-0.1522348503
"121100",0
"121500",-0.2586336406
"122300",-0.3543828132
"122701",-0.4610156449
"122702",-0.2381531396
"124100",-0.2434721736
"124700",-0.4139795987
"125700",-0.4809669484
"126500",-0.2488098611
"155101",-0.0225303439
"128300",0
"129102",-0.4098387446
"001900",1.1459873071
"002000",-0.3115588732
"002200",0.3243789491
"002400",0.3193917255
"002500",-0.3407743952
"002600",0.243614397
"002800",0.3767906046
"003000",-0.3979496489
"003100",0.7551186101
"003200",-0.0010411941
"003400",0.1343955926
"003600",0.2086108315
"003700",0.7632818912
"003800",0.10119211
"003900",0.1511145368
"004001",0.2179517059
"004002",0.2352377907
"004200",0.1125262186
"004300",0.3851965798
"004401",-0.0153184213
"004500",0.0757227147
"004700",0.1224190244
"130100",-0.9907601214
"133300",-0.5139780068
"133900",-0.4596715552
"134100",-0.7223973301
"134700",-0.7524478805
"136700",-0.9389102585
"137700",-0.8506743823
"138501",-0.7608505252
"138502",0
"139900",-0.4277595823
"140300",-0.7266961491
"140901",-0.508201854
"140902",-0.3876896603
"142900",-0.2376441868
"143500",-0.7241623522
"144100",-0.5632261938
"144700",-0.6907259336
"005000",0.0925037845
"005100",0.1690389326
"005200",0.0477113637
"005300",0.3402507273
"005400",-0.2753442264
"005500",0.6245703894
"005700",0.0499998074
"005800",-0.0974834955
"005900",0.3744673927
"006100",0.21314811
"006300",0.3099147678
"006900",0.5498410255
"007100",0.4553656513
"007300",0.1375449466
"007500",0.2700166415
"007700",0.3609782769
"007900",0.2576837521
"008100",0.1656939467
"008300",0.3821369284
"063700",0.0490556187
"063800",-0.2501708216
"063900",0.2226369603
"064101",0.2300971041
"145101",-0.0346731338
"145102",-0.5287536511
"145900",-0.1972506116
"146300",-0.3960248279
"146700",-0.1730860548
"147100",-0.131149552
"147900",-0.4349840539
"148300",-0.7219601355
"150701",-0.7303562896
"150702",-0.6060595553
"152901",-0.8451887757
"152902",-0.7980178615
"156700",-0.9082039509
"157101",-0.6620899876
"157102",-0.5778220786
"157901",-0.8224085472
"157902",-0.7316097288
"064102",0
"064500",-0.3102303349
"064600",-0.0522840245
"065000",0.0233235723
"065400",-0.647932569
"065501",0.1511417643
"065600",-0.470093676
"065702",-0.1375225654
"065900",-0.4113711296
"066000",-0.7701074545
"066100",-0.5549704824
"066300",-0.1286242234
"126700",-0.4767777084
"003300",0.4846059365
"008500",-0.0521179125
"015100",-0.0803218265
"037600",0.0421558962
"024800",-0.2947888629
"023301",0.3660676214
"019400",0.0548848169
"045600",-0.1398663292
"005001",-0.1649087551
"005002",-0.0821092667
"005300",-0.1580350224
"023000",0.3083715612
"013200",0.2702144961
"007900",-0.0007867263
"008900",-0.0245333435
"021601",0.1375111664
"003800",0.0426997729
"025000",-0.0952402367
"028900",-0.4670202256
"025300",0.0771421685
"017300",0.1293992242
"006500",0.3166165272
"018900",-0.3990513758
"004300",0.1177476883
"011800",0.2884643675
"006800",0.0969371022
"011900",0.0239229501
"008400",0.4131695206
"008700",0.2652552758
"013500",0.0476052382
"020601",0.5408614703
"022401",-0.198034368
"023100",0.7005779722
"024700",0.5402072114
"003900",0.0620828915
"020200",0.1986876834
"023302",-0.4497162929
"007100",0.0442123572
"039100",0.204399949
"007500",-0.1377472477
"021302",0.0066275436
"006900",0.5245217179
"012101",0.1158748623
"021900",0.0739799417
"007300",-0.1383209162
"041900",-0.3547824515
"035800",-0.1473381131
"012701",-0.2009589521
"000100",0.4775031563
"034200",0.217301494
"011000",0.0782254482
"033400",0
"024100",0.1366696743
"038200",0.1717950071
"009800",0.2916561657
"004100",0.1340408524
"039400",-0.0653820108
"021800",0.014001688
"036800",0.4400042915
"022500",0.2224180382
"041500",0.0057995357
"003100",-0.1612783488
"003500",0.0290867288
"008500",0.1428558772
"012102",0.3157452902
"021100",-0.3980140651
"023200",0.0144715876
"022404",-0.3233685353
"000400",0.3520699326
"026602",0.3571616259
"002000",-0.0658164062
"003300",-0.052346052
"014300",0.5232245894
"022701",0.3017580752
"038900",0.2477953374
"013800",0.2906502302
"002400",0
"007400",-0.0116927331
"040100",0.2777977929
"001600",0.206110203
"016300",0
"008300",0.1957659636
"023900",0.3192853108
"039902",0.6498256064
"034400",0.0216798037
"023600",0.1335828848
"026500",-0.0767916557
"024600",0.0263724914
"039600",0.3533239537
"028700",-0.5754193289
"021301",-1.1375946871
"042300",-0.0365446398
"021502",-0.0513989829
"005902",-0.2464465327
"025200",0.1838149478
"040702",0.3094117122
"042800",-0.156031605
"042600",-0.2895122328
"030701",-1.1630214419
"038700",0.4275752022
"045102",0.1391297569
"041800",-0.0688013532
"028300",-0.4963728472
"033600",-0.3169013266
"025600",0.1619833131
"042901",0.0505515571
"029600",0.1930482634
"035600",-0.1337271214
"031000",-0.3909350051
"006700",-0.2431968226
"027700",-0.1337427578
"028800",-0.1861063624
"033000",0.1007767959
"031600",-0.2278563495
"027600",0
"040400",0.0313409538
"041400",0.1207863457
"033800",-0.0872631501
"031400",-0.035755491
"031200",-0.1673144655
"026900",0.1098345089
"022703",0.2889742679
"037000",0.2258940959
"015800",0.0705970979
"027300",-0.2530846632
"037800",0.1747369601
"032800",-0.1885847779
"034000",-0.0774925795
"045800",-0.8982794572
"043600",-0.7548738095
"042200",0.3042722728
"031900",-1.2089320566
"037400",0.2090099258
"039800",0.3546433302
"042100",-0.2640324474
"007700",-0.0254765861
"006000",0.3585041843
"013300",-0.5136508751
"022000",0.4319608841
"015300",0.1249089304
"022800",-0.2386475593
"019500",0.0351027322
"007800",0.4311750528
"006100",0.099691399
"021501",-0.4144664661
"023502",0.5777628078
"011502",-0.2690911067
"016100",0.4114521336
"016000",0.3054599799
"037300",0.5938431856
"009200",0.4573537392
"004800",-0.1556768948
"002500",-0.0931622006
"051600",0.204328467
"037900",0.0082359215
"016600",0.2301290985
"012500",0.3410314427
"016500",0.1042848645
"042500",-0.1961030541
"012300",-0.1547673811
"005400",0.1038514329
"006200",-0.3465860191
"013100",0.0198156332
"006400",0.1890629206
"013000",0.0203128027
"036300",0.1611140803
"043100",-0.5050929717
"042902",0.1054580909
"030000",0.2634055649
"014100",0.4578102897
"032300",-0.7999485877
"030100",-0.2179319464
"048400",-0.1158997854
"045101",0.1392286103
"014900",-0.0661083874
"019700",0.0511141896
"038600",-0.263369056
"036400",-0.2292679948
"036700",0.3374391822
"036501",0.420990738
"014400",-0.1624150181
"015700",0.2084767739
"036100",-0.4028409512
"034500",-1.2308011647
"030200",-0.0579569495
"046202",0.2172491238
"044902",-0.1189955129
"016700",0.2267666274
"035900",0.3037437865
"017500",0.1484937418
"038000",0.1724550794
"021602",-0.1841416688
"026400",0.1533223041
"022300",-0.1815814556
"021200",-0.0745971349
"026300",0.014001134
"039901",0.5967821829
"014500",0.0907490837
"018400",0.2226705402
"019300",-0.0235299227
"025400",0.1706976402
"016200",0.1537123715
"002702",-0.2703306435
"022901",0.0790665901
"025500",-0.6369358238
"038500",0.1871500927
"032400",-0.1987944612
"019900",-0.1924687501
"000200",0.3936996065
"020100",0.3643879923
"029700",-0.5037159044
"028400",0.1292993601
"004001",0.1134552452
"029500",-0.2782232555
"035000",-0.1381942641
"024400",0.1697100212
"008600",-0.0616904404
"024300",-0.0397405071
"036502",-0.0953431621
"028100",-0.7317497291
"022902",0.3184615334
"007200",0.0671224331
"024000",0.3141854072
"037100",0.3299753138
"038100",0.6364710936
"034300",-0.8421419978
"039000",0.1521605257
"025100",0.1664854811
"039300",0.0372106083
"005600",-0.0691986945
"016900",0.2796815442
"044800",-0.01388764
"046000",-0.8797759755
"042000",-0.037969571
"036901",0.4555781969
"028500",-0.4031622673
"035100",-0.9294395925
"039700",-0.0944024173
"022702",0.1096426547
"041100",0.2089557716
"041300",-0.0797490783
"039200",0.1111117932
"040600",0.2814458111
"044200",0.0574526986
"040701",-0.3530686515
"027900",-0.1165074516
"040800",-0.095699967
"026601",0.4137604096
"044901",-0.3609777119
"038800",0.1448108632
"040900",-0.1259279091
"046201",-0.3433699848
"007000",-0.0392216751
"028600",0.2725427321
"005200",0.0135271546
"031800",-0.1178341098
"023704",-0.4070147173
"043000",-0.5365792147
"050400",0
"042400",0.2661119458
"040304",-1.0655514057
"020400",0.4725624565
"017100",0
"004400",-0.4680186347
"023501",-0.2043250697
"002800",0.1865327353
"002701",0.1213308863
"002300",0.1199343175
"037200",0.3912121899
"015500",0.3589152014
"036902",0.0714646432
"024900",-0.3799972296
"043500",0
"003700",0.5949847544
"004600",0.0546128813
"016400",0.6032558326
"025700",0.1353055425
"026100",0.1270098848
"012901",0.2688326205
"015200",0.0208933998
"014701",-0.334554624
"014702",0.2780297285
"017701",0.0839773447
"017702",0.0244434579
"017901",0.2696930696
"017902",0.3297873922
"018101",0.0682531422
"018102",0.1054525932
"018301",-0.343761871
"018302",0.446357859
"020501",-0.149532507
"020502",0.1806954772
"021001",-0.2048741392
"021002",-0.2649603715
"022101",0.0502024891
"022102",0.0986222047
"022403",-0.0520631231
"023703",0.337803743
"024501",0.2714414323
"024502",0.1276342356
"026701",-0.1076786254
"026702",-0.2113793274
"027401",0.1857434053
"027402",0.1695801172
"029301",0.0239714304
"029302",-0.2270052157
"030900",-0.8605302701
"033201",-0.2570530431
"033202",-0.5246576602
"038301",0.593284506
"038302",0.7186260973
"040303",-0.2630021678
"040501",0.4446988184
"040502",0.5996918228
"020000",0.370318752
"021700",-0.1589939486
"023702",0.4847247465
"032600",0.0957110706
"033500",-1.1734651269
"033700",-0.9555500604
"034800",-0.084362904
"036000",-0.0008505012
"039500",0.5833452568
"040302",0.3194871042
"043400",-0.0539125662
"044400",0.0469497867
"001900",0.0359086301
"004200",0.1721824454
"005100",0.0440974374
"006300",0.3054591332
"007600",0.1910926199
"009000",-0.2304383795
"009300",-0.0830642818
"009600",0.734278207
"011700",0.380991688
"015900",-0.076315437
"018500",-0.5573145634
"020900",0.2896300164
"022200",-0.2331252352
"023800",0.2205701885
"037504",0.3206399408
